<workflow-app name="end_to_end_wf" xmlns="uri:oozie:workflow:0.1">
	<start to="my_sqoop_action"/>
	<action name="my_sqoop_action">
		<sqoop xmlns="uri:oozie:sqoop-action:0.2">
			<job-tracker>${jobTracker}</job-tracker>
			<name-node>${nameNode}</name-node>
			<prepare>
				<delete path="${sqoop_import_dir}"/>
			</prepare>
			<configuration>
				<property>
					<name>mapred.compress.map.output</name>
					<value>true</value>
				</property>
			</configuration>
			<arg>import</arg>
			<arg>--connect</arg>
			<arg>jdbc:mysql://localhost:3306/retail_db</arg>
			<arg>--username</arg>
			<arg>retail_dba</arg>
			<arg>--password</arg>
			<arg>cloudera</arg>
			<arg>--table</arg>
			<arg>products</arg>
			<arg>--target-dir</arg>
			<arg>/products_oozie</arg>
			<arg>-m</arg>
			<arg>1</arg>
		</sqoop>
		<ok to="hive_job"/>
		<error to="end"/>
	</action>
	<action name="hive_job">
		<hive xmlns="uri:oozie:hive-action:0.2">
			<job-tracker>${jobTracker}</job-tracker>
			<name-node>${nameNode}</name-node>
			<!--<prepare>
				<delete path="${sqoop_import_dir}"/>
			</prepare>-->
			<configuration>
				<property>
					<name>mapred.compress.map.output</name>
					<value>true</value>
				</property>
				<property>
					<name>hive.metastore.local</name>
					<value>false</value>
				</property>
				<property>
					<name>hive.metastore.uris</name>
					<value>thrift://127.0.0.1:9083</value>
				</property>
				<property>
					<name>hive.metastore.client.socket.timeout</name>
					<value>300</value>
				</property>
				<property>
					<name>hive.metastore.warehouse.dir</name>
					<value>/user/hive/warehouse</value>
				</property>
			</configuration>		
			<script>hive_script.q</script>
		</hive>
		<ok to="end"/>
		<error to="end"/>
	</action>
	<end name="end"/>
</workflow-app>
